Workbook

Sheet Executive Dashboard
A1: Amazon Marketplace Analytics Dashboard
A3: Total Revenue | D3: Total Spend | G3: Total Orders | J3: Total Sessions
A4: =SUM('Raw Data'!Q:Q) -> 8635123 | D4: =SUM('Raw Data'!R:R) -> 2458385 | G4: =SUM('Raw Data'!O:O) -> 80509 | J4: =SUM('Raw Data'!K:K) -> 1486921
A6: Conversion Rate | D6: ROAS | G6: Average Retention | J6: Avg Landing Score
A7: =C5/F5 -> #DIV/0! | D7: =C4/C3 -> #DIV/0! | G7: =AVERAGE('Raw Data'!Y:Y) -> 0.41705708 | J7: =AVERAGE('Raw Data'!AA:AA) -> 79.925
A10: Channel Performance Summary
A11: Channel | B11: Revenue | C11: Spend | D11: Orders | E11: Sessions | F11: Conversion Rate | G11: ROAS | H11: CPA | I11: Avg Retention
A12: Organic Search | B12: =SUMIF('Raw Data'!$C:$C,A12,'Raw Data'!$Q:$Q) -> 1220085 | C12: =SUMIF('Raw Data'!$C:$C,A12,'Raw Data'!$R:$R) -> 0 | D12: =SUMIF('Raw Data'!$C:$C,A12,'Raw Data'!$O:$O) -> 11320 | E12: =SUMIF('Raw Data'!$C:$C,A12,'Raw Data'!$K:$K) -> 225444 | F12: =IFERROR(D12/E12,0) -> 0.050212026 | G12: =IFERROR(B12/C12,0) -> 0 | H12: =IFERROR(C12/D12,0) -> 0 | I12: =AVERAGEIF('Raw Data'!$C:$C,A12,'Raw Data'!$Y:$Y) -> 0.44887632
A13: Paid Search | B13: =SUMIF('Raw Data'!$C:$C,A13,'Raw Data'!$Q:$Q) -> 2309514 | C13: =SUMIF('Raw Data'!$C:$C,A13,'Raw Data'!$R:$R) -> 1063114 | D13: =SUMIF('Raw Data'!$C:$C,A13,'Raw Data'!$O:$O) -> 19798 | E13: =SUMIF('Raw Data'!$C:$C,A13,'Raw Data'!$K:$K) -> 352054 | F13: =IFERROR(D13/E13,0) -> 0.056235691 | G13: =IFERROR(B13/C13,0) -> 2.1724048 | H13: =IFERROR(C13/D13,0) -> 53.69805 | I13: =AVERAGEIF('Raw Data'!$C:$C,A13,'Raw Data'!$Y:$Y) -> 0.38816786
A14: Paid Social | B14: =SUMIF('Raw Data'!$C:$C,A14,'Raw Data'!$Q:$Q) -> 1466490 | C14: =SUMIF('Raw Data'!$C:$C,A14,'Raw Data'!$R:$R) -> 800509 | D14: =SUMIF('Raw Data'!$C:$C,A14,'Raw Data'!$O:$O) -> 12427 | E14: =SUMIF('Raw Data'!$C:$C,A14,'Raw Data'!$K:$K) -> 306181 | F14: =IFERROR(D14/E14,0) -> 0.040587104 | G14: =IFERROR(B14/C14,0) -> 1.8319469 | H14: =IFERROR(C14/D14,0) -> 64.416915 | I14: =AVERAGEIF('Raw Data'!$C:$C,A14,'Raw Data'!$Y:$Y) -> 0.39225814
A15: Email | B15: =SUMIF('Raw Data'!$C:$C,A15,'Raw Data'!$Q:$Q) -> 1268313 | C15: =SUMIF('Raw Data'!$C:$C,A15,'Raw Data'!$R:$R) -> 594762 | D15: =SUMIF('Raw Data'!$C:$C,A15,'Raw Data'!$O:$O) -> 12056 | E15: =SUMIF('Raw Data'!$C:$C,A15,'Raw Data'!$K:$K) -> 164370 | F15: =IFERROR(D15/E15,0) -> 0.073346718 | G15: =IFERROR(B15/C15,0) -> 2.1324715 | H15: =IFERROR(C15/D15,0) -> 49.333278 | I15: =AVERAGEIF('Raw Data'!$C:$C,A15,'Raw Data'!$Y:$Y) -> 0.41185172
A16: Referral | B16: =SUMIF('Raw Data'!$C:$C,A16,'Raw Data'!$Q:$Q) -> 1341614 | C16: =SUMIF('Raw Data'!$C:$C,A16,'Raw Data'!$R:$R) -> 0 | D16: =SUMIF('Raw Data'!$C:$C,A16,'Raw Data'!$O:$O) -> 14939 | E16: =SUMIF('Raw Data'!$C:$C,A16,'Raw Data'!$K:$K) -> 228117 | F16: =IFERROR(D16/E16,0) -> 0.065488324 | G16: =IFERROR(B16/C16,0) -> 0 | H16: =IFERROR(C16/D16,0) -> 0 | I16: =AVERAGEIF('Raw Data'!$C:$C,A16,'Raw Data'!$Y:$Y) -> 0.43745
A17: Direct | B17: =SUMIF('Raw Data'!$C:$C,A17,'Raw Data'!$Q:$Q) -> 1029107 | C17: =SUMIF('Raw Data'!$C:$C,A17,'Raw Data'!$R:$R) -> 0 | D17: =SUMIF('Raw Data'!$C:$C,A17,'Raw Data'!$O:$O) -> 9969 | E17: =SUMIF('Raw Data'!$C:$C,A17,'Raw Data'!$K:$K) -> 210755 | F17: =IFERROR(D17/E17,0) -> 0.047301369 | G17: =IFERROR(B17/C17,0) -> 0 | H17: =IFERROR(C17/D17,0) -> 0 | I17: =AVERAGEIF('Raw Data'!$C:$C,A17,'Raw Data'!$Y:$Y) -> 0.4403725

Sheet Scenario Planner
A1: Marketing Budget Scenario Planner
A3: Channel | B3: Current Spend | C3: Current Revenue | D3: Current ROAS | E3: Budget Change % | F3: New Spend | G3: Projected Revenue | H3: Projected ROI
A4: Organic Search | B4: =SUMIF('Raw Data'!$C:$C,A4,'Raw Data'!$R:$R) -> 0 | C4: =SUMIF('Raw Data'!$C:$C,A4,'Raw Data'!$Q:$Q) -> 1220085 | D4: =IFERROR(C4/B4,0) -> 0 | E4: 0 | F4: =B4*(1+E4) -> 0 | G4: =F4*D4 -> 0 | H4: =IFERROR((G4-F4)/F4,0) -> 0
A5: Paid Search | B5: =SUMIF('Raw Data'!$C:$C,A5,'Raw Data'!$R:$R) -> 1063114 | C5: =SUMIF('Raw Data'!$C:$C,A5,'Raw Data'!$Q:$Q) -> 2309514 | D5: =IFERROR(C5/B5,0) -> 2.1724048 | E5: 0.1 | F5: =B5*(1+E5) -> 1169425.4 | G5: =F5*D5 -> 2540465.4 | H5: =IFERROR((G5-F5)/F5,0) -> 1.1724048
A6: Paid Social | B6: =SUMIF('Raw Data'!$C:$C,A6,'Raw Data'!$R:$R) -> 800509 | C6: =SUMIF('Raw Data'!$C:$C,A6,'Raw Data'!$Q:$Q) -> 1466490 | D6: =IFERROR(C6/B6,0) -> 1.8319469 | E6: -0.05 | F6: =B6*(1+E6) -> 760483.55 | G6: =F6*D6 -> 1393165.5 | H6: =IFERROR((G6-F6)/F6,0) -> 0.83194692
A7: Email | B7: =SUMIF('Raw Data'!$C:$C,A7,'Raw Data'!$R:$R) -> 594762 | C7: =SUMIF('Raw Data'!$C:$C,A7,'Raw Data'!$Q:$Q) -> 1268313 | D7: =IFERROR(C7/B7,0) -> 2.1324715 | E7: 0.1 | F7: =B7*(1+E7) -> 654238.2 | G7: =F7*D7 -> 1395144.3 | H7: =IFERROR((G7-F7)/F7,0) -> 1.1324715
A8: Referral | B8: =SUMIF('Raw Data'!$C:$C,A8,'Raw Data'!$R:$R) -> 0 | C8: =SUMIF('Raw Data'!$C:$C,A8,'Raw Data'!$Q:$Q) -> 1341614 | D8: =IFERROR(C8/B8,0) -> 0 | E8: 0 | F8: =B8*(1+E8) -> 0 | G8: =F8*D8 -> 0 | H8: =IFERROR((G8-F8)/F8,0) -> 0
A9: Direct | B9: =SUMIF('Raw Data'!$C:$C,A9,'Raw Data'!$R:$R) -> 0 | C9: =SUMIF('Raw Data'!$C:$C,A9,'Raw Data'!$Q:$Q) -> 1029107 | D9: =IFERROR(C9/B9,0) -> 0 | E9: 0 | F9: =B9*(1+E9) -> 0 | G9: =F9*D9 -> 0 | H9: =IFERROR((G9-F9)/F9,0) -> 0
A12: Notes
A13: Blue input cells in Budget Change % can be adjusted for different spend scenarios.

Sheet SEO_SEM Analysis
A1: SEO and SEM Analysis
A3: Metric | B3: Formula / Source | C3: Interpretation
A4: SEO Revenue | B4: =SUMIF('Raw Data'!C:C,"Organic Search",'Raw Data'!Q:Q) -> 1220085 | C4: Organic revenue value
A5: SEM Revenue | B5: =SUMIF('Raw Data'!C:C,"Paid Search",'Raw Data'!Q:Q) -> 2309514 | C5: Paid search revenue value
A6: SEM Spend | B6: =SUMIF('Raw Data'!C:C,"Paid Search",'Raw Data'!R:R) -> 1063114 | C6: Paid search budget
A7: SEM ROAS | B7: =IFERROR(B5/B6,0) -> 2.1724048 | C7: Paid search return
A8: Avg SEO Position | B8: =AVERAGEIF('Raw Data'!C:C,"Organic Search",'Raw Data'!Z:Z) -> 17.473684 | C8: SEO visibility
A9: Avg Landing Page Score | B9: =AVERAGE('Raw Data'!AA:AA) -> 79.925 | C9: Landing page quality
A12: SEO Recommendation | B12: Improve metadata, internal links, and landing page content for keywords ranking positions 8-20.
A13: SEM Recommendation | B13: Move budget toward campaigns with ROAS above target and CPA below target.

Sheet AB Testing
A1: A/B Test Summary
A3: Variant | B3: Sessions | C3: Orders | D3: Conversion Rate | E3: Revenue | F3: Revenue/User | G3: Lift vs Control
A4: A - Control | B4: =SUMIF('Raw Data'!$H:$H,A4,'Raw Data'!$K:$K) -> 738513 | C4: =SUMIF('Raw Data'!$H:$H,A4,'Raw Data'!$O:$O) -> 41587 | D4: =IFERROR(C4/B4,0) -> 0.056311805 | E4: =SUMIF('Raw Data'!$H:$H,A4,'Raw Data'!$Q:$Q) -> 4242913 | F4: =IFERROR(E4/B4,0) -> 5.745211 | G4: =IFERROR((D4-$D$4)/$D$4,0) -> 0
A5: B - New Experience | B5: =SUMIF('Raw Data'!$H:$H,A5,'Raw Data'!$K:$K) -> 748408 | C5: =SUMIF('Raw Data'!$H:$H,A5,'Raw Data'!$O:$O) -> 38922 | D5: =IFERROR(C5/B5,0) -> 0.052006392 | E5: =SUMIF('Raw Data'!$H:$H,A5,'Raw Data'!$Q:$Q) -> 4392210 | F5: =IFERROR(E5/B5,0) -> 5.8687374 | G5: =IFERROR((D5-$D$4)/$D$4,0) -> -0.076456663
A8: Decision Rule | B8: Roll out Variant B if conversion lift is positive and revenue/user is above control.
A9: Recommendation | B9: =IF(G5>0,"Scale Variant B to more traffic","Keep Control and retest") -> Keep Control and retest

Sheet Raw Data
A1: Date | B1: Month | C1: Channel | D1: Device | E1: Category | F1: Campaign | G1: Keyword_or_Audience | H1: Experiment_Variant | I1: Impressions | J1: Clicks | K1: Sessions | L1: Leads | M1: Cart_Additions | N1: Checkout_Starts | O1: Orders | P1: Purchases | Q1: Revenue | R1: Spend | S1: AOV | T1: CTR | U1: Conversion_Rate | V1: CPA | W1: CPC | X1: ROAS | Y1: Retention_Rate | Z1: SEO_Avg_Position | AA1: Landing_Page_Score | AB1: Customer_Satisfaction
A2: 2026-01-01 | B2: Jan | C2: Paid Search | D2: Desktop | E2: Home | F2: Paid_Search_Campaign_1 | G2: summer outfits | H2: A - Control | I2: 114625 | J2: 6191 | K2: 6310 | L2: 1036 | M2: 2029 | N2: 800 | O2: 341 | P2: 341 | Q2: 54219 | R2: 28032 | S2: 159 | T2: 0.054 | U2: 0.054 | V2: 82.21 | W2: 4.53 | X2: 1.93 | Y2: 0.6241 | AA2: 68 | AB2: 4.7
A3: 2026-01-02 | B3: Jan | C3: Organic Search | D3: Tablet | E3: Fitness | F3: Organic_Search_Campaign_1 | G3: protein powder | H3: B - New Experience | I3: 106672 | J3: 3516 | K3: 2869 | L3: 354 | M3: 427 | N3: 277 | O3: 132 | P3: 132 | Q3: 12936 | R3: 0 | S3: 98 | T3: 0.033 | U3: 0.046 | V3: 0 | W3: 0 | X3: 0 | Y3: 0.3541 | Z3: 10 | AA3: 98 | AB3: 4.3
A4: 2026-01-03 | B4: Jan | C4: Referral | D4: Tablet | E4: Grocery | F4: Referral_Campaign_2 | G4: home office desk | H4: A - Control | I4: 90066 | J4: 6793 | K4: 6578 | L4: 930 | M4: 1119 | N4: 625 | O4: 511 | P4: 511 | Q4: 24017 | R4: 0 | S4: 47 | T4: 0.0754 | U4: 0.0777 | V4: 0 | W4: 0 | X4: 0 | Y4: 0.5857 | AA4: 92 | AB4: 4.6
A5: 2026-01-04 | B5: Jan | C5: Referral | D5: Desktop | E5: Fitness | F5: Referral_Campaign_4 | G5: best wireless earbuds | H5: A - Control | I5: 262023 | J5: 9265 | K5: 7297 | L5: 1596 | M5: 1083 | N5: 713 | O5: 536 | P5: 536 | Q5: 36984 | R5: 0 | S5: 69 | T5: 0.0354 | U5: 0.0735 | V5: 0 | W5: 0 | X5: 0 | Y5: 0.4733 | AA5: 78 | AB5: 4.4
A6: 2026-01-05 | B6: Jan | C6: Organic Search | D6: Mobile | E6: Grocery | F6: Organic_Search_Campaign_5 | G6: summer outfits | H6: B - New Experience | I6: 49446 | J6: 3493 | K6: 3322 | L6: 645 | M6: 721 | N6: 371 | O6: 105 | P6: 105 | Q6: 18060 | R6: 0 | S6: 172 | T6: 0.0706 | U6: 0.0316 | V6: 0 | W6: 0 | X6: 0 | Y6: 0.4825 | Z6: 4 | AA6: 65 | AB6: 4.8
A7: 2026-01-06 | B7: Jan | C7: Paid Social | D7: Desktop | E7: Fitness | F7: Paid_Social_Campaign_3 | G7: best wireless earbuds | H7: B - New Experience | I7: 236815 | J7: 18949 | K7: 18399 | L7: 3284 | M7: 4282 | N7: 2938 | O7: 946 | P7: 946 | Q7: 78518 | R7: 21336 | S7: 83 | T7: 0.08 | U7: 0.0514 | V7: 22.55 | W7: 1.13 | X7: 3.68 | Y7: 0.4245 | AA7: 95 | AB7: 4.4
A8: 2026-01-07 | B8: Jan | C8: Paid Search | D8: Mobile | E8: Apparel | F8: Paid_Search_Campaign_5 | G8: home office desk | H8: A - Control | I8: 39171 | J8: 3103 | K8: 2532 | L8: 233 | M8: 882 | N8: 332 | O8: 78 | P8: 78 | Q8: 12324 | R8: 13505 | S8: 158 | T8: 0.0792 | U8: 0.0308 | V8: 173.14 | W8: 4.35 | X8: 0.91 | Y8: 0.5525 | AA8: 70 | AB8: 4.4
A9: 2026-01-08 | B9: Jan | C9: Organic Search | D9: Tablet | E9: Apparel | F9: Organic_Search_Campaign_4 | G9: home office desk | H9: A - Control | I9: 139305 | J9: 8406 | K9: 7361 | L9: 631 | M9: 1220 | N9: 584 | O9: 444 | P9: 444 | Q9: 62604 | R9: 0 | S9: 141 | T9: 0.0603 | U9: 0.0603 | V9: 0 | W9: 0 | X9: 0 | Y9: 0.5525 | Z9: 18 | AA9: 65 | AB9: 4.7
A10: 2026-01-09 | B10: Jan | C10: Direct | D10: Desktop | E10: Home | F10: Direct_Campaign_5 | G10: summer outfits | H10: A - Control | I10: 83703 | J10: 1395 | K10: 1034 | L10: 101 | M10: 330 | N10: 212 | O10: 48 | P10: 48 | Q10: 2496 | R10: 0 | S10: 52 | T10: 0.0167 | U10: 0.0464 | V10: 0 | W10: 0 | X10: 0 | Y10: 0.6341 | AA10: 93 | AB10: 4
A11: 2026-01-10 | B11: Jan | C11: Paid Social | D11: Desktop | E11: Electronics | F11: Paid_Social_Campaign_3 | G11: best wireless earbuds | H11: A - Control | I11: 251281 | J11: 15827 | K11: 15907 | L11: 1827 | M11: 5197 | N11: 2562 | O11: 1048 | P11: 1048 | Q11: 101656 | R11: 32366 | S11: 97 | T11: 0.063 | U11: 0.0659 | V11: 30.88 | W11: 2.04 | X11: 3.14 | Y11: 0.3708 | AA11: 78 | AB11: 4.2
A12: 2026-01-11 | B12: Jan | C12: Paid Social | D12: Desktop | E12: Beauty | F12: Paid_Social_Campaign_5 | G12: mens running shoes | H12: B - New Experience | I12: 55077 | J12: 748 | K12: 604 | L12: 81 | M12: 134 | N12: 64 | O12: 18 | P12: 18 | Q12: 2664 | R12: 35377 | S12: 148 | T12: 0.0136 | U12: 0.0298 | V12: 1965.39 | W12: 47.3 | X12: 0.08 | Y12: 0.3863 | AA12: 90 | AB12: 4.6
A13: 2026-01-12 | B13: Jan | C13: Direct | D13: Desktop | E13: Home | F13: Direct_Campaign_2 | G13: skincare bundle | H13: B - New Experience | I13: 217604 | J13: 3341 | K13: 3155 | L13: 380 | M13: 892 | N13: 442 | O13: 159 | P13: 159 | Q13: 18126 | R13: 0 | S13: 114 | T13: 0.0154 | U13: 0.0504 | V13: 0 | W13: 0 | X13: 0 | Y13: 0.2668 | AA13: 66 | AB13: 4.7
A14: 2026-01-13 | B14: Jan | C14: Referral | D14: Desktop | E14: Apparel | F14: Referral_Campaign_5 | G14: protein powder | H14: A - Control | I14: 52488 | J14: 1332 | K14: 1173 | L14: 113 | M14: 357 | N14: 190 | O14: 93 | P14: 93 | Q14: 10881 | R14: 0 | S14: 117 | T14: 0.0254 | U14: 0.0793 | V14: 0 | W14: 0 | X14: 0 | Y14: 0.4216 | AA14: 82 | AB14: 4.8
A15: 2026-01-14 | B15: Jan | C15: Direct | D15: Desktop | E15: Home | F15: Direct_Campaign_2 | G15: mens running shoes | H15: B - New Experience | I15: 183037 | J15: 6980 | K15: 5548 | L15: 451 | M15: 1639 | N15: 990 | O15: 184 | P15: 184 | Q15: 29992 | R15: 0 | S15: 163 | T15: 0.0381 | U15: 0.0332 | V15: 0 | W15: 0 | X15: 0 | Y15: 0.2992 | AA15: 98 | AB15: 4
A16: 2026-01-15 | B16: Jan | C16: Referral | D16: Tablet | E16: Apparel | F16: Referral_Campaign_4 | G16: best wireless earbuds | H16: A - Control | I16: 220296 | J16: 12790 | K16: 12285 | L16: 2252 | M16: 3387 | N16: 1297 | O16: 1046 | P16: 1046 | Q16: 74266 | R16: 0 | S16: 71 | T16: 0.0581 | U16: 0.0851 | V16: 0 | W16: 0 | X16: 0 | Y16: 0.4045 | AA16: 88 | AB16: 4.4
A17: 2026-01-16 | B17: Jan | C17: Organic Search | D17: Desktop | E17: Home | F17: Organic_Search_Campaign_5 | G17: home office desk | H17: A - Control | I17: 64094 | J17: 1309 | K17: 1240 | L17: 151 | M17: 255 | N17: 117 | O17: 71 | P17: 71 | Q17: 6461 | R17: 0 | S17: 91 | T17: 0.0204 | U17: 0.0573 | V17: 0 | W17: 0 | X17: 0 | Y17: 0.5112 | Z17: 10 | AA17: 73 | AB17: 3.8
A18: 2026-01-17 | B18: Jan | C18: Paid Search | D18: Mobile | E18: Fitness | F18: Paid_Search_Campaign_1 | G18: summer outfits | H18: B - New Experience | I18: 21334 | J18: 917 | K18: 823 | L18: 169 | M18: 287 | N18: 166 | O18: 30 | P18: 30 | Q18: 2730 | R18: 13926 | S18: 91 | T18: 0.043 | U18: 0.0365 | V18: 464.2 | W18: 15.19 | X18: 0.2 | Y18: 0.6374 | AA18: 96 | AB18: 4.1
A19: 2026-01-18 | B19: Jan | C19: Direct | D19: Mobile | E19: Grocery | F19: Direct_Campaign_2 | G19: summer outfits | H19: A - Control | I19: 179075 | J19: 9145 | K19: 7161 | L19: 666 | M19: 2199 | N19: 1386 | O19: 341 | P19: 341 | Q19: 44330 | R19: 0 | S19: 130 | T19: 0.0511 | U19: 0.0476 | V19: 0 | W19: 0 | X19: 0 | Y19: 0.6756 | AA19: 84 | AB19: 4.5
A20: 2026-01-19 | B20: Jan | C20: Paid Social | D20: Mobile | E20: Fitness | F20: Paid_Social_Campaign_2 | G20: best wireless earbuds | H20: A - Control | I20: 153378 | J20: 12717 | K20: 9580 | L20: 1739 | M20: 1975 | N20: 1079 | O20: 400 | P20: 400 | Q20: 22000 | R20: 29917 | S20: 55 | T20: 0.0829 | U20: 0.0418 | V20: 74.79 | W20: 2.35 | X20: 0.74 | Y20: 0.5299 | AA20: 74 | AB20: 4
A21: 2026-01-20 | B21: Jan | C21: Email | D21: Tablet | E21: Fitness | F21: Email_Campaign_5 | G21: summer outfits | H21: B - New Experience | I21: 190323 | J21: 14087 | K21: 14538 | L21: 1268 | M21: 3592 | N21: 2214 | O21: 1048 | P21: 1048 | Q21: 124712 | R21: 18394 | S21: 119 | T21: 0.074 | U21: 0.0721 | V21: 17.55 | W21: 1.31 | X21: 6.78 | Y21: 0.4976 | AA21: 83 | AB21: 3.8
A22: 2026-01-21 | B22: Jan | C22: Email | D22: Desktop | E22: Apparel | F22: Email_Campaign_4 | G22: skincare bundle | H22: B - New Experience | I22: 129188 | J22: 9038 | K22: 8346 | L22: 848 | M22: 1041 | N22: 636 | O22: 596 | P22: 596 | Q22: 95956 | R22: 2752 | S22: 161 | T22: 0.07 | U22: 0.0714 | V22: 4.62 | W22: 0.3 | X22: 34.87 | Y22: 0.5159 | AA22: 68 | AB22: 3.6
A23: 2026-01-22 | B23: Jan | C23: Direct | D23: Tablet | E23: Electronics | F23: Direct_Campaign_1 | G23: summer outfits | H23: B - New Experience | I23: 67736 | J23: 2606 | K23: 2105 | L23: 227 | M23: 320 | N23: 206 | O23: 81 | P23: 81 | Q23: 10206 | R23: 0 | S23: 126 | T23: 0.0385 | U23: 0.0385 | V23: 0 | W23: 0 | X23: 0 | Y23: 0.4772 | AA23: 80 | AB23: 4.5
A24: 2026-01-23 | B24: Jan | C24: Direct | D24: Mobile | E24: Home | F24: Direct_Campaign_4 | G24: mens running shoes | H24: B - New Experience | I24: 74554 | J24: 2097 | K24: 1762 | L24: 329 | M24: 365 | N24: 247 | O24: 119 | P24: 119 | Q24: 13447 | R24: 0 | S24: 113 | T24: 0.0281 | U24: 0.0675 | V24: 0 | W24: 0 | X24: 0 | Y24: 0.6012 | AA24: 66 | AB24: 4.8
A25: 2026-01-24 | B25: Jan | C25: Referral | D25: Desktop | E25: Fitness | F25: Referral_Campaign_2 | G25: skincare bundle | H25: B - New Experience | I25: 80245 | J25: 6262 | K25: 4878 | L25: 487 | M25: 1280 | N25: 458 | O25: 520 | P25: 458 | Q25: 43680 | R25: 0 | S25: 84 | T25: 0.078 | U25: 0.1066 | V25: 0 | W25: 0 | X25: 0 | Y25: 0.5847 | AA25: 95 | AB25: 4.1
A26: 2026-01-25 | B26: Jan | C26: Direct | D26: Desktop | E26: Electronics | F26: Direct_Campaign_1 | G26: home office desk | H26: B - New Experience | I26: 197455 | J26: 2782 | K26: 2759 | L26: 471 | M26: 441 | N26: 184 | O26: 136 | P26: 136 | Q26: 7208 | R26: 0 | S26: 53 | T26: 0.0141 | U26: 0.0493 | V26: 0 | W26: 0 | X26: 0 | Y26: 0.3743 | AA26: 98 | AB26: 4
A27: 2026-01-26 | B27: Jan | C27: Email | D27: Desktop | E27: Electronics | F27: Email_Campaign_2 | G27: home office desk | H27: A - Control | I27: 261144 | J27: 9559 | K27: 8316 | L27: 1598 | M27: 2032 | N27: 979 | O27: 602 | P27: 602 | Q27: 45752 | R27: 28188 | S27: 76 | T27: 0.0366 | U27: 0.0724 | V27: 46.82 | W27: 2.95 | X27: 1.62 | Y27: 0.358 | AA27: 88 | AB27: 4.2
A28: 2026-01-27 | B28: Jan | C28: Organic Search | D28: Desktop | E28: Home | F28: Organic_Search_Campaign_2 | G28: protein powder | H28: A - Control | I28: 38033 | J28: 582 | K28: 616 | L28: 70 | M28: 136 | N28: 66 | O28: 17 | P28: 17 | Q28: 1921 | R28: 0 | S28: 113 | T28: 0.0153 | U28: 0.0276 | V28: 0 | W28: 0 | X28: 0 | Y28: 0.6377 | Z28: 28 | AA28: 66 | AB28: 3.7
A29: 2026-01-28 | B29: Jan | C29: Paid Search | D29: Desktop | E29: Home | F29: Paid_Search_Campaign_5 | G29: mens running shoes | H29: A - Control | I29: 260732 | J29: 10645 | K29: 9006 | L29: 1548 | M29: 1560 | N29: 1002 | O29: 416 | P29: 416 | Q29: 52416 | R29: 33549 | S29: 126 | T29: 0.0408 | U29: 0.0462 | V29: 80.65 | W29: 3.15 | X29: 1.56 | Y29: 0.3037 | AA29: 83 | AB29: 4.2
A30: 2026-01-29 | B30: Jan | C30: Paid Search | D30: Mobile | E30: Fitness | F30: Paid_Search_Campaign_3 | G30: home office desk | H30: A - Control | I30: 97437 | J30: 5089 | K30: 5491 | L30: 638 | M30: 1774 | N30: 707 | O30: 387 | P30: 387 | Q30: 41022 | R30: 29699 | S30: 106 | T30: 0.0522 | U30: 0.0705 | V30: 76.74 | W30: 5.84 | X30: 1.38 | Y30: 0.366 | AA30: 91 | AB30: 4.1
A31: 2026-01-30 | B31: Jan | C31: Email | D31: Desktop | E31: Home | F31: Email_Campaign_1 | G31: home office desk | H31: A - Control | I31: 94574 | J31: 7752 | K31: 8017 | L31: 1745 | M31: 1873 | N31: 1202 | O31: 696 | P31: 696 | Q31: 40368 | R31: 11687 | S31: 58 | T31: 0.082 | U31: 0.0868 | V31: 16.79 | W31: 1.51 | X31: 3.45 | Y31: 0.2427 | AA31: 84 | AB31: 4
A32: 2026-01-31 | B32: Jan | C32: Organic Search | D32: Desktop | E32: Grocery | F32: Organic_Search_Campaign_2 | G32: summer outfits | H32: B - New Experience | I32: 79265 | J32: 3737 | K32: 3691 | L32: 790 | M32: 1194 | N32: 725 | O32: 177 | P32: 177 | Q32: 14514 | R32: 0 | S32: 82 | T32: 0.0471 | U32: 0.048 | V32: 0 | W32: 0 | X32: 0 | Y32: 0.5523 | Z32: 17 | AA32: 82 | AB32: 4.5
A33: 2026-02-01 | B33: Feb | C33: Paid Search | D33: Mobile | E33: Grocery | F33: Paid_Search_Campaign_3 | G33: home office desk | H33: A - Control | I33: 159249 | J33: 9887 | K33: 9771 | L33: 843 | M33: 1325 | N33: 831 | O33: 505 | P33: 505 | Q33: 90900 | R33: 24835 | S33: 180 | T33: 0.0621 | U33: 0.0517 | V33: 49.18 | W33: 2.51 | X33: 3.66 | Y33: 0.4023 | AA33: 82 | AB33: 4.6
A34: 2026-02-02 | B34: Feb | C34: Paid Social | D34: Mobile | E34: Electronics | F34: Paid_Social_Campaign_2 | G34: mens running shoes | H34: A - Control | I34: 150497 | J34: 3113 | K34: 2686 | L34: 311 | M34: 616 | N34: 402 | O34: 71 | P34: 71 | Q34: 12354 | R34: 10159 | S34: 174 | T34: 0.0207 | U34: 0.0264 | V34: 143.08 | W34: 3.26 | X34: 1.22 | Y34: 0.4418 | AA34: 87 | AB34: 3.8
A35: 2026-02-03 | B35: Feb | C35: Paid Search | D35: Tablet | E35: Grocery | F35: Paid_Search_Campaign_5 | G35: protein powder | H35: A - Control | I35: 77341 | J35: 2089 | K35: 1898 | L35: 334 | M35: 533 | N35: 375 | O35: 81 | P35: 81 | Q35: 12717 | R35: 19668 | S35: 157 | T35: 0.027 | U35: 0.0427 | V35: 242.81 | W35: 9.42 | X35: 0.65 | Y35: 0.3842 | AA35: 96 | AB35: 3.8
A36: 2026-02-04 | B36: Feb | C36: Paid Social | D36: Mobile | E36: Beauty | F36: Paid_Social_Campaign_5 | G36: best wireless earbuds | H36: B - New Experience | I36: 194409 | J36: 15708 | K36: 11810 | L36: 1562 | M36: 1649 | N36: 837 | O36: 632 | P36: 632 | Q36: 113128 | R36: 15565 | S36: 179 | T36: 0.0808 | U36: 0.0535 | V36: 24.63 | W36: 0.99 | X36: 7.27 | Y36: 0.2168 | AA36: 96 | AB36: 4.7
A37: 2026-02-05 | B37: Feb | C37: Paid Search | D37: Tablet | E37: Grocery | F37: Paid_Search_Campaign_1 | G37: home office desk | H37: B - New Experience | I37: 182652 | J37: 3236 | K37: 2571 | L37: 491 | M37: 543 | N37: 334 | O37: 132 | P37: 132 | Q37: 19404 | R37: 7120 | S37: 147 | T37: 0.0177 | U37: 0.0513 | V37: 53.94 | W37: 2.2 | X37: 2.73 | Y37: 0.4654 | AA37: 80 | AB37: 4
A38: 2026-02-06 | B38: Feb | C38: Paid Social | D38: Desktop | E38: Electronics | F38: Paid_Social_Campaign_3 | G38: summer outfits | H38: B - New Experience | I38: 118338 | J38: 6356 | K38: 6354 | L38: 727 | M38: 1864 | N38: 1175 | O38: 201 | P38: 201 | Q38: 15678 | R38: 18766 | S38: 78 | T38: 0.0537 | U38: 0.0316 | V38: 93.36 | W38: 2.95 | X38: 0.84 | Y38: 0.3027 | AA38: 77 | AB38: 4.3
A39: 2026-02-07 | B39: Feb | C39: Email | D39: Tablet | E39: Fitness | F39: Email_Campaign_1 | G39: best wireless earbuds | H39: A - Control | I39: 65136 | J39: 2041 | K39: 1672 | L39: 212 | M39: 232 | N39: 166 | O39: 105 | P39: 105 | Q39: 8715 | R39: 14002 | S39: 83 | T39: 0.0313 | U39: 0.0628 | V39: 133.35 | W39: 6.86 | X39: 0.62 | Y39: 0.2887 | AA39: 70 | AB39: 4.6
A40: 2026-02-08 | B40: Feb | C40: Paid Search | D40: Desktop | E40: Fitness | F40: Paid_Search_Campaign_5 | G40: mens running shoes | H40: B - New Experience | I40: 99476 | J40: 5256 | K40: 4785 | L40: 1045 | M40: 1270 | N40: 610 | O40: 373 | P40: 373 | Q40: 52593 | R40: 12139 | S40: 141 | T40: 0.0528 | U40: 0.078 | V40: 32.54 | W40: 2.31 | X40: 4.33 | Y40: 0.1869 | AA40: 78 | AB40: 3.9
A41: 2026-02-09 | B41: Feb | C41: Direct | D41: Tablet | E41: Beauty | F41: Direct_Campaign_3 | G41: home office desk | H41: A - Control | I41: 100977 | J41: 5517 | K41: 4470 | L41: 916 | M41: 1046 | N41: 725 | O41: 241 | P41: 241 | Q41: 16388 | R41: 0 | S41: 68 | T41: 0.0546 | U41: 0.0539 | V41: 0 | W41: 0 | X41: 0 | Y41: 0.3954 | AA41: 63 | AB41: 4.9
A42: 2026-02-10 | B42: Feb | C42: Email | D42: Mobile | E42: Apparel | F42: Email_Campaign_3 | G42: best wireless earbuds | H42: A - Control | I42: 54785 | J42: 2508 | K42: 1990 | L42: 175 | M42: 609 | N42: 280 | O42: 129 | P42: 129 | Q42: 9804 | R42: 22831 | S42: 76 | T42: 0.0458 | U42: 0.0648 | V42: 176.98 | W42: 9.1 | X42: 0.43 | Y42: 0.2714 | AA42: 88 | AB42: 4.1
A43: 2026-02-11 | B43: Feb | C43: Referral | D43: Mobile | E43: Electronics | F43: Referral_Campaign_5 | G43: best wireless earbuds | H43: B - New Experience | I43: 258779 | J43: 16921 | K43: 12723 | L43: 2506 | M43: 3678 | N43: 1980 | O43: 482 | P43: 482 | Q43: 66516 | R43: 0 | S43: 138 | T43: 0.0654 | U43: 0.0379 | V43: 0 | W43: 0 | X43: 0 | Y43: 0.5323 | AA43: 87 | AB43: 4.8
A44: 2026-02-12 | B44: Feb | C44: Paid Search | D44: Mobile | E44: Electronics | F44: Paid_Search_Campaign_2 | G44: home office desk | H44: A - Control | I44: 18469 | J44: 1331 | K44: 1379 | L44: 302 | M44: 308 | N44: 144 | O44: 108 | P44: 108 | Q44: 14688 | R44: 12532 | S44: 136 | T44: 0.0721 | U44: 0.0783 | V44: 116.04 | W44: 9.42 | X44: 1.17 | Y44: 0.478 | AA44: 74 | AB44: 3.8
A45: 2026-02-13 | B45: Feb | C45: Organic Search | D45: Tablet | E45: Beauty | F45: Organic_Search_Campaign_2 | G45: mens running shoes | H45: A - Control | I45: 70327 | J45: 5526 | K45: 4651 | L45: 792 | M45: 1303 | N45: 747 | O45: 190 | P45: 190 | Q45: 26600 | R45: 0 | S45: 140 | T45: 0.0786 | U45: 0.0409 | V45: 0 | W45: 0 | X45: 0 | Y45: 0.5043 | Z45: 15 | AA45: 66 | AB45: 4.4
A46: 2026-02-14 | B46: Feb | C46: Paid Social | D46: Desktop | E46: Beauty | F46: Paid_Social_Campaign_2 | G46: best wireless earbuds | H46: A - Control | I46: 229167 | J46: 7040 | K46: 5751 | L46: 510 | M46: 723 | N46: 482 | O46: 114 | P46: 114 | Q46: 18696 | R46: 30418 | S46: 164 | T46: 0.0307 | U46: 0.0198 | V46: 266.82 | W46: 4.32 | X46: 0.61 | Y46: 0.6412 | AA46: 83 | AB46: 4
A47: 2026-02-15 | B47: Feb | C47: Paid Social | D47: Tablet | E47: Electronics | F47: Paid_Social_Campaign_2 | G47: home office desk | H47: B - New Experience | I47: 151473 | J47: 9298 | K47: 8139 | L47: 738 | M47: 2351 | N47: 1365 | O47: 363 | P47: 363 | Q47: 38115 | R47: 20349 | S47: 105 | T47: 0.0614 | U47: 0.0446 | V47: 56.06 | W47: 2.19 | X47: 1.87 | Y47: 0.4561 | AA47: 74 | AB47: 4.8
A48: 2026-02-16 | B48: Feb | C48: Referral | D48: Mobile | E48: Fitness | F48: Referral_Campaign_2 | G48: protein powder | H48: A - Control | I48: 231647 | J48: 3629 | K48: 2776 | L48: 294 | M48: 346 | N48: 136 | O48: 163 | P48: 136 | Q48: 11410 | R48: 0 | S48: 70 | T48: 0.0157 | U48: 0.0587 | V48: 0 | W48: 0 | X48: 0 | Y48: 0.5331 | AA48: 88 | AB48: 3.9
A49: 2026-02-17 | B49: Feb | C49: Paid Search | D49: Mobile | E49: Grocery | F49: Paid_Search_Campaign_2 | G49: mens running shoes | H49: B - New Experience | I49: 51022 | J49: 3799 | K49: 3430 | L49: 440 | M49: 889 | N49: 444 | O49: 201 | P49: 201 | Q49: 27738 | R49: 21110 | S49: 138 | T49: 0.0745 | U49: 0.0586 | V49: 105.02 | W49: 5.56 | X49: 1.31 | Y49: 0.4249 | AA49: 74 | AB49: 4.6
A50: 2026-02-18 | B50: Feb | C50: Email | D50: Mobile | E50: Fitness | F50: Email_Campaign_5 | G50: mens running shoes | H50: B - New Experience | I50: 163673 | J50: 3093 | K50: 2667 | L50: 432 | M50: 756 | N50: 317 | O50: 187 | P50: 187 | Q50: 9163 | R50: 25467 | S50: 49 | T50: 0.0189 | U50: 0.0701 | V50: 136.19 | W50: 8.23 | X50: 0.36 | Y50: 0.5743 | AA50: 94 | AB50: 4
A51: 2026-02-19 | B51: Feb | C51: Organic Search | D51: Tablet | E51: Fitness | F51: Organic_Search_Campaign_1 | G51: best wireless earbuds | H51: B - New Experience | I51: 266024 | J51: 11107 | K51: 10329 | L51: 1597 | M51: 2057 | N51: 1306 | O51: 361 | P51: 361 | Q51: 44042 | R51: 0 | S51: 122 | T51: 0.0418 | U51: 0.035 | V51: 0 | W51: 0 | X51: 0 | Y51: 0.3494 | Z51: 23 | AA51: 95 | AB51: 3.7
A52: 2026-02-20 | B52: Feb | C52: Paid Search | D52: Desktop | E52: Grocery | F52: Paid_Search_Campaign_3 | G52: skincare bundle | H52: A - Control | I52: 177776 | J52: 5490 | K52: 5532 | L52: 845 | M52: 1085 | N52: 576 | O52: 289 | P52: 289 | Q52: 35836 | R52: 26896 | S52: 124 | T52: 0.0309 | U52: 0.0522 | V52: 93.07 | W52: 4.9 | X52: 1.33 | Y52: 0.2611 | AA52: 66 | AB52: 4.7
A53: 2026-02-21 | B53: Feb | C53: Paid Search | D53: Mobile | E53: Apparel | F53: Paid_Search_Campaign_4 | G53: protein powder | H53: A - Control | I53: 166238 | J53: 9484 | K53: 8215 | L53: 1426 | M53: 2620 | N53: 1714 | O53: 276 | P53: 276 | Q53: 14352 | R53: 27883 | S53: 52 | T53: 0.0571 | U53: 0.0336 | V53: 101.03 | W53: 2.94 | X53: 0.51 | Y53: 0.3896 | AA53: 85 | AB53: 3.8
A54: 2026-02-22 | B54: Feb | C54: Email | D54: Mobile | E54: Fitness | F54: Email_Campaign_1 | G54: summer outfits | H54: B - New Experience | I54: 22940 | J54: 1134 | K54: 860 | L54: 98 | M54: 121 | N54: 52 | O54: 58 | P54: 52 | Q54: 4466 | R54: 33914 | S54: 77 | T54: 0.0494 | U54: 0.0674 | V54: 584.72 | W54: 29.91 | X54: 0.13 | Y54: 0.4753 | AA54: 85 | AB54: 4.2
A55: 2026-02-23 | B55: Feb | C55: Paid Search | D55: Tablet | E55: Beauty | F55: Paid_Search_Campaign_4 | G55: home office desk | H55: A - Control | I55: 181570 | J55: 10773 | K55: 9348 | L55: 1447 | M55: 2101 | N55: 810 | O55: 577 | P55: 577 | Q55: 61739 | R55: 20163 | S55: 107 | T55: 0.0593 | U55: 0.0617 | V55: 34.94 | W55: 1.87 | X55: 3.06 | Y55: 0.4667 | AA55: 92 | AB55: 4
A56: 2026-02-24 | B56: Feb | C56: Direct | D56: Tablet | E56: Apparel | F56: Direct_Campaign_5 | G56: summer outfits | H56: A - Control | I56: 210903 | J56: 8664 | K56: 8860 | L56: 843 | M56: 1220 | N56: 778 | O56: 182 | P56: 182 | Q56: 25116 | R56: 0 | S56: 138 | T56: 0.0411 | U56: 0.0205 | V56: 0 | W56: 0 | X56: 0 | Y56: 0.4012 | AA56: 70 | AB56: 3.6
A57: 2026-02-25 | B57: Feb | C57: Paid Search | D57: Mobile | E57: Electronics | F57: Paid_Search_Campaign_2 | G57: mens running shoes | H57: A - Control | I57: 173795 | J57: 6586 | K57: 5732 | L57: 494 | M57: 967 | N57: 660 | O57: 328 | P57: 328 | Q57: 50512 | R57: 18616 | S57: 154 | T57: 0.0379 | U57: 0.0572 | V57: 56.76 | W57: 2.83 | X57: 2.71 | Y57: 0.1823 | AA57: 97 | AB57: 4.1
A58: 2026-02-26 | B58: Feb | C58: Paid Search | D58: Tablet | E58: Beauty | F58: Paid_Search_Campaign_2 | G58: skincare bundle | H58: B - New Experience | I58: 260141 | J58: 18576 | K58: 14052 | L58: 2191 | M58: 4167 | N58: 2038 | O58: 734 | P58: 734 | Q58: 83676 | R58: 37855 | S58: 114 | T58: 0.0714 | U58: 0.0522 | V58: 51.57 | W58: 2.04 | X58: 2.21 | Y58: 0.2222 | AA58: 70 | AB58: 4
A59: 2026-02-27 | B59: Feb | C59: Paid Search | D59: Desktop | E59: Apparel | F59: Paid_Search_Campaign_2 | G59: mens running shoes | H59: B - New Experience | I59: 66900 | J59: 1441 | K59: 1364 | L59: 170 | M59: 175 | N59: 89 | O59: 62 | P59: 62 | Q59: 8184 | R59: 18363 | S59: 132 | T59: 0.0215 | U59: 0.0455 | V59: 296.18 | W59: 12.74 | X59: 0.45 | Y59: 0.3021 | AA59: 72 | AB59: 3.7
A60: 2026-02-28 | B60: Feb | C60: Paid Search | D60: Mobile | E60: Apparel | F60: Paid_Search_Campaign_4 | G60: mens running shoes | H60: B - New Experience | I60: 242351 | J60: 8897 | K60: 9153 | L60: 1284 | M60: 1358 | N60: 834 | O60: 601 | P60: 601 | Q60: 51085 | R60: 24498 | S60: 85 | T60: 0.0367 | U60: 0.0657 | V60: 40.76 | W60: 2.75 | X60: 2.09 | Y60: 0.2036 | AA60: 72 | AB60: 3.8
A61: 2026-03-01 | B61: Mar | C61: Email | D61: Desktop | E61: Beauty | F61: Email_Campaign_5 | G61: mens running shoes | H61: A - Control | I61: 53742 | J61: 660 | K61: 576 | L61: 72 | M61: 131 | N61: 65 | O61: 60 | P61: 60 | Q61: 7440 | R61: 14738 | S61: 124 | T61: 0.0123 | U61: 0.1042 | V61: 245.63 | W61: 22.33 | X61: 0.5 | Y61: 0.5417 | AA61: 85 | AB61: 3.9
A62: 2026-03-02 | B62: Mar | C62: Organic Search | D62: Desktop | E62: Home | F62: Organic_Search_Campaign_3 | G62: home office desk | H62: A - Control | I62: 93996 | J62: 4842 | K62: 5057 | L62: 950 | M62: 971 | N62: 372 | O62: 173 | P62: 173 | Q62: 24739 | R62: 0 | S62: 143 | T62: 0.0515 | U62: 0.0342 | V62: 0 | W62: 0 | X62: 0 | Y62: 0.5071 | Z62: 7 | AA62: 63 | AB62: 4
A63: 2026-03-03 | B63: Mar | C63: Organic Search | D63: Tablet | E63: Home | F63: Organic_Search_Campaign_1 | G63: mens running shoes | H63: B - New Experience | I63: 143410 | J63: 2865 | K63: 2307 | L63: 215 | M63: 497 | N63: 293 | O63: 59 | P63: 59 | Q63: 4307 | R63: 0 | S63: 73 | T63: 0.02 | U63: 0.0256 | V63: 0 | W63: 0 | X63: 0 | Y63: 0.2662 | Z63: 18 | AA63: 81 | AB63: 4.8
A64: 2026-03-04 | B64: Mar | C64: Referral | D64: Tablet | E64: Fitness | F64: Referral_Campaign_1 | G64: best wireless earbuds | H64: A - Control | I64: 214773 | J64: 10124 | K64: 8063 | L64: 1335 | M64: 2639 | N64: 1228 | O64: 532 | P64: 532 | Q64: 55860 | R64: 0 | S64: 105 | T64: 0.0471 | U64: 0.066 | V64: 0 | W64: 0 | X64: 0 | Y64: 0.2865 | AA64: 97 | AB64: 4.8
A65: 2026-03-05 | B65: Mar | C65: Paid Social | D65: Tablet | E65: Apparel | F65: Paid_Social_Campaign_1 | G65: summer outfits | H65: B - New Experience | I65: 35971 | J65: 2127 | K65: 1695 | L65: 284 | M65: 541 | N65: 201 | O65: 63 | P65: 63 | Q65: 8190 | R65: 18818 | S65: 130 | T65: 0.0591 | U65: 0.0372 | V65: 298.7 | W65: 8.85 | X65: 0.44 | Y65: 0.4408 | AA65: 87 | AB65: 4.4
A66: 2026-03-06 | B66: Mar | C66: Organic Search | D66: Mobile | E66: Beauty | F66: Organic_Search_Campaign_1 | G66: home office desk | H66: A - Control | I66: 201784 | J66: 8167 | K66: 5937 | L66: 507 | M66: 1145 | N66: 736 | O66: 288 | P66: 288 | Q66: 16704 | R66: 0 | S66: 58 | T66: 0.0405 | U66: 0.0485 | V66: 0 | W66: 0 | X66: 0 | Y66: 0.4685 | Z66: 23 | AA66: 94 | AB66: 3.6
A67: 2026-03-07 | B67: Mar | C67: Email | D67: Mobile | E67: Apparel | F67: Email_Campaign_3 | G67: home office desk | H67: A - Control | I67: 66037 | J67: 2356 | K67: 2221 | L67: 212 | M67: 640 | N67: 456 | O67: 130 | P67: 130 | Q67: 21840 | R67: 26036 | S67: 168 | T67: 0.0357 | U67: 0.0585 | V67: 200.28 | W67: 11.05 | X67: 0.84 | Y67: 0.2982 | AA67: 62 | AB67: 4.7
A68: 2026-03-08 | B68: Mar | C68: Direct | D68: Mobile | E68: Apparel | F68: Direct_Campaign_5 | G68: summer outfits | H68: B - New Experience | I68: 57398 | J68: 3392 | K68: 2612 | L68: 256 | M68: 526 | N68: 311 | O68: 112 | P68: 112 | Q68: 14224 | R68: 0 | S68: 127 | T68: 0.0591 | U68: 0.0429 | V68: 0 | W68: 0 | X68: 0 | Y68: 0.5937 | AA68: 78 | AB68: 4.1
A69: 2026-03-09 | B69: Mar | C69: Direct | D69: Tablet | E69: Grocery | F69: Direct_Campaign_3 | G69: summer outfits | H69: B - New Experience | I69: 55319 | J69: 3822 | K69: 3007 | L69: 437 | M69: 824 | N69: 305 | O69: 65 | P69: 65 | Q69: 10855 | R69: 0 | S69: 167 | T69: 0.0691 | U69: 0.0216 | V69: 0 | W69: 0 | X69: 0 | Y69: 0.1916 | AA69: 76 | AB69: 3.8
A70: 2026-03-10 | B70: Mar | C70: Paid Social | D70: Mobile | E70: Beauty | F70: Paid_Social_Campaign_2 | G70: protein powder | H70: A - Control | I70: 62849 | J70: 4665 | K70: 4013 | L70: 508 | M70: 1273 | N70: 716 | O70: 177 | P70: 177 | Q70: 18939 | R70: 37152 | S70: 107 | T70: 0.0742 | U70: 0.0441 | V70: 209.9 | W70: 7.96 | X70: 0.51 | Y70: 0.2966 | AA70: 67 | AB70: 4.7
A71: 2026-03-11 | B71: Mar | C71: Referral | D71: Mobile | E71: Fitness | F71: Referral_Campaign_5 | G71: home office desk | H71: A - Control | I71: 177655 | J71: 8336 | K71: 8438 | L71: 1398 | M71: 2285 | N71: 936 | O71: 413 | P71: 413 | Q71: 29323 | R71: 0 | S71: 71 | T71: 0.0469 | U71: 0.0489 | V71: 0 | W71: 0 | X71: 0 | Y71: 0.5759 | AA71: 93 | AB71: 4.3
A72: 2026-03-12 | B72: Mar | C72: Direct | D72: Mobile | E72: Grocery | F72: Direct_Campaign_5 | G72: protein powder | H72: B - New Experience | I72: 83559 | J72: 4050 | K72: 4002 | L72: 836 | M72: 878 | N72: 431 | O72: 222 | P72: 222 | Q72: 14874 | R72: 0 | S72: 67 | T72: 0.0485 | U72: 0.0555 | V72: 0 | W72: 0 | X72: 0 | Y72: 0.5228 | AA72: 65 | AB72: 4.2
A73: 2026-03-13 | B73: Mar | C73: Paid Social | D73: Mobile | E73: Beauty | F73: Paid_Social_Campaign_1 | G73: best wireless earbuds | H73: B - New Experience | I73: 158102 | J73: 8033 | K73: 8212 | L73: 1493 | M73: 1838 | N73: 719 | O73: 358 | P73: 358 | Q73: 45824 | R73: 5788 | S73: 128 | T73: 0.0508 | U73: 0.0436 | V73: 16.17 | W73: 0.72 | X73: 7.92 | Y73: 0.243 | AA73: 71 | AB73: 4.1
A74: 2026-03-14 | B74: Mar | C74: Paid Social | D74: Mobile | E74: Electronics | F74: Paid_Social_Campaign_3 | G74: summer outfits | H74: A - Control | I74: 177408 | J74: 2428 | K74: 2524 | L74: 242 | M74: 378 | N74: 226 | O74: 79 | P74: 79 | Q74: 8295 | R74: 15778 | S74: 105 | T74: 0.0137 | U74: 0.0313 | V74: 199.72 | W74: 6.5 | X74: 0.53 | Y74: 0.3762 | AA74: 95 | AB74: 4.5
A75: 2026-03-15 | B75: Mar | C75: Paid Search | D75: Tablet | E75: Fitness | F75: Paid_Search_Campaign_4 | G75: skincare bundle | H75: A - Control | I75: 64899 | J75: 3214 | K75: 2999 | L75: 341 | M75: 685 | N75: 365 | O75: 194 | P75: 194 | Q75: 32204 | R75: 11495 | S75: 166 | T75: 0.0495 | U75: 0.0647 | V75: 59.25 | W75: 3.58 | X75: 2.8 | Y75: 0.546 | AA75: 71 | AB75: 4.8
A76: 2026-03-16 | B76: Mar | C76: Paid Search | D76: Tablet | E76: Home | F76: Paid_Search_Campaign_2 | G76: best wireless earbuds | H76: B - New Experience | I76: 213628 | J76: 14739 | K76: 11494 | L76: 1387 | M76: 3525 | N76: 2277 | O76: 629 | P76: 629 | Q76: 99382 | R76: 23328 | S76: 158 | T76: 0.069 | U76: 0.0547 | V76: 37.09 | W76: 1.58 | X76: 4.26 | Y76: 0.4499 | AA76: 98 | AB76: 4.3
A77: 2026-03-17 | B77: Mar | C77: Paid Social | D77: Tablet | E77: Grocery | F77: Paid_Social_Campaign_1 | G77: mens running shoes | H77: A - Control | I77: 82338 | J77: 2008 | K77: 2123 | L77: 266 | M77: 456 | N77: 300 | O77: 112 | P77: 112 | Q77: 8064 | R77: 2954 | S77: 72 | T77: 0.0244 | U77: 0.0528 | V77: 26.38 | W77: 1.47 | X77: 2.73 | Y77: 0.2128 | AA77: 85 | AB77: 4.6
A78: 2026-03-18 | B78: Mar | C78: Email | D78: Mobile | E78: Fitness | F78: Email_Campaign_5 | G78: best wireless earbuds | H78: B - New Experience | I78: 220134 | J78: 16265 | K78: 11811 | L78: 1423 | M78: 3041 | N78: 1275 | O78: 839 | P78: 839 | Q78: 152698 | R78: 16112 | S78: 182 | T78: 0.0739 | U78: 0.071 | V78: 19.2 | W78: 0.99 | X78: 9.48 | Y78: 0.5851 | AA78: 84 | AB78: 4.2
... A88: 2026-03-28 | B88: Mar | C88: Email | D88: Mobile | E88: Home | F88: Email_Campaign_5 | G88: mens running shoes | H88: A - Control | I88: 251205 | J88: 5898 | K88: 6127 | L88: 1271 | M88: 1023 | N88: 449 | O88: 433 | P88: 433 | Q88: 32908 | R88: 13989 | S88: 76 | T88: 0.0235 | U88: 0.0707 | V88: 32.31 | W88: 2.37 | X88: 2.35 | Y88: 0.6544 | AA88: 71 | AB88: 3.7
A89: 2026-03-29 | B89: Mar | C89: Organic Search | D89: Tablet | E89: Electronics | F89: Organic_Search_Campaign_5 | G89: mens running shoes | H89: A - Control | I89: 219337 | J89: 4665 | K89: 4406 | L89: 735 | M89: 1296 | N89: 890 | O89: 156 | P89: 156 | Q89: 7332 | R89: 0 | S89: 47 | T89: 0.0213 | U89: 0.0354 | V89: 0 | W89: 0 | X89: 0 | Y89: 0.5056 | Z89: 35 | AA89: 78 | AB89: 4.1
A90: 2026-03-30 | B90: Mar | C90: Direct | D90: Desktop | E90: Fitness | F90: Direct_Campaign_4 | G90: best wireless earbuds | H90: B - New Experience | I90: 72064 | J90: 4793 | K90: 3760 | L90: 630 | M90: 1206 | N90: 492 | O90: 187 | P90: 187 | Q90: 16456 | R90: 0 | S90: 88 | T90: 0.0665 | U90: 0.0497 | V90: 0 | W90: 0 | X90: 0 | Y90: 0.4286 | AA90: 89 | AB90: 4.9
A91: 2026-03-31 | B91: Mar | C91: Referral | D91: Tablet | E91: Fitness | F91: Referral_Campaign_3 | G91: protein powder | H91: B - New Experience | I91: 88004 | J91: 5405 | K91: 5515 | L91: 702 | M91: 1478 | N91: 899 | O91: 395 | P91: 395 | Q91: 65965 | R91: 0 | S91: 167 | T91: 0.0614 | U91: 0.0716 | V91: 0 | W91: 0 | X91: 0 | Y91: 0.6361 | AA91: 66 | AB91: 4.9
A92: 2026-04-01 | B92: Apr | C92: Organic Search | D92: Mobile | E92: Grocery | F92: Organic_Search_Campaign_1 | G92: best wireless earbuds | H92: A - Control | I92: 61757 | J92: 3615 | K92: 3188 | L92: 337 | M92: 422 | N92: 231 | O92: 124 | P92: 124 | Q92: 13640 | R92: 0 | S92: 110 | T92: 0.0585 | U92: 0.0389 | V92: 0 | W92: 0 | X92: 0 | Y92: 0.3083 | Z92: 26 | AA92: 78 | AB92: 4
A93: 2026-04-02 | B93: Apr | C93: Organic Search | D93: Mobile | E93: Beauty | F93: Organic_Search_Campaign_5 | G93: home office desk | H93: A - Control | I93: 202004 | J93: 16954 | K93: 13160 | L93: 2069 | M93: 3088 | N93: 1467 | O93: 946 | P93: 946 | Q93: 91762 | R93: 0 | S93: 97 | T93: 0.0839 | U93: 0.0719 | V93: 0 | W93: 0 | X93: 0 | Y93: 0.4822 | Z93: 17 | AA93: 71 | AB93: 3.6
A94: 2026-04-03 | B94: Apr | C94: Paid Search | D94: Mobile | E94: Beauty | F94: Paid_Search_Campaign_1 | G94: home office desk | H94: A - Control | I94: 217473 | J94: 17323 | K94: 14303 | L94: 1463 | M94: 4043 | N94: 1856 | O94: 977 | P94: 977 | Q94: 124079 | R94: 9517 | S94: 127 | T94: 0.0797 | U94: 0.0683 | V94: 9.74 | W94: 0.55 | X94: 13.04 | Y94: 0.5698 | AA94: 77 | AB94: 4.9
A95: 2026-04-04 | B95: Apr | C95: Paid Social | D95: Tablet | E95: Electronics | F95: Paid_Social_Campaign_2 | G95: summer outfits | H95: A - Control | I95: 182304 | J95: 4041 | K95: 3233 | L95: 686 | M95: 456 | N95: 319 | O95: 171 | P95: 171 | Q95: 10260 | R95: 29060 | S95: 60 | T95: 0.0222 | U95: 0.0529 | V95: 169.94 | W95: 7.19 | X95: 0.35 | Y95: 0.3716 | AA95: 88 | AB95: 4.2
A96: 2026-04-05 | B96: Apr | C96: Paid Social | D96: Mobile | E96: Apparel | F96: Paid_Social_Campaign_2 | G96: skincare bundle | H96: A - Control | I96: 74244 | J96: 2862 | K96: 2319 | L96: 438 | M96: 365 | N96: 172 | O96: 96 | P96: 96 | Q96: 11808 | R96: 4950 | S96: 123 | T96: 0.0385 | U96: 0.0414 | V96: 51.56 | W96: 1.73 | X96: 2.39 | Y96: 0.4285 | AA96: 95 | AB96: 4.3
A97: 2026-04-06 | B97: Apr | C97: Direct | D97: Desktop | E97: Grocery | F97: Direct_Campaign_3 | G97: home office desk | H97: B - New Experience | I97: 77911 | J97: 5114 | K97: 4457 | L97: 607 | M97: 1041 | N97: 706 | O97: 288 | P97: 288 | Q97: 30528 | R97: 0 | S97: 106 | T97: 0.0656 | U97: 0.0646 | V97: 0 | W97: 0 | X97: 0 | Y97: 0.2399 | AA97: 94 | AB97: 4.3
A98: 2026-04-07 | B98: Apr | C98: Referral | D98: Mobile | E98: Apparel | F98: Referral_Campaign_2 | G98: skincare bundle | H98: B - New Experience | I98: 165657 | J98: 9773 | K98: 9371 | L98: 1520 | M98: 3096 | N98: 1726 | O98: 559 | P98: 559 | Q98: 73788 | R98: 0 | S98: 132 | T98: 0.059 | U98: 0.0597 | V98: 0 | W98: 0 | X98: 0 | Y98: 0.2526 | AA98: 90 | AB98: 4
A99: 2026-04-08 | B99: Apr | C99: Direct | D99: Desktop | E99: Grocery | F99: Direct_Campaign_5 | G99: home office desk | H99: A - Control | I99: 72972 | J99: 2371 | K99: 1789 | L99: 232 | M99: 503 | N99: 287 | O99: 102 | P99: 102 | Q99: 16626 | R99: 0 | S99: 163 | T99: 0.0325 | U99: 0.057 | V99: 0 | W99: 0 | X99: 0 | Y99: 0.2218 | AA99: 90 | AB99: 4.7
A100: 2026-04-09 | B100: Apr | C100: Paid Social | D100: Mobile | E100: Grocery | F100: Paid_Social_Campaign_3 | G100: protein powder | H100: B - New Experience | I100: 227623 | J100: 7877 | K100: 6976 | L100: 668 | M100: 1102 | N100: 432 | O100: 226 | P100: 226 | Q100: 36160 | R100: 8470 | S100: 160 | T100: 0.0346 | U100: 0.0324 | V100: 37.48 | W100: 1.08 | X100: 4.27 | Y100: 0.1919 | AA100: 91 | AB100: 3.6
A101: 2026-04-10 | B101: Apr | C101: Paid Social | D101: Tablet | E101: Beauty | F101: Paid_Social_Campaign_4 | G101: protein powder | H101: A - Control | I101: 104766 | J101: 2498 | K101: 1846 | L101: 314 | M101: 539 | N101: 231 | O101: 74 | P101: 74 | Q101: 8880 | R101: 24442 | S101: 120 | T101: 0.0238 | U101: 0.0401 | V101: 330.3 | W101: 9.78 | X101: 0.36 | Y101: 0.2833 | AA101: 72 | AB101: 4.7
A102: 2026-04-11 | B102: Apr | C102: Organic Search | D102: Desktop | E102: Home | F102: Organic_Search_Campaign_5 | G102: skincare bundle | H102: B - New Experience | I102: 178866 | J102: 12844 | K102: 9962 | L102: 1218 | M102: 1335 | N102: 844 | O102: 708 | P102: 708 | Q102: 92748 | R102: 0 | S102: 131 | T102: 0.0718 | U102: 0.0711 | V102: 0 | W102: 0 | X102: 0 | Y102: 0.2364 | Z102: 9 | AA102: 96 | AB102: 4
A103: 2026-04-12 | B103: Apr | C103: Paid Social | D103: Desktop | E103: Electronics | F103: Paid_Social_Campaign_5 | G103: mens running shoes | H103: B - New Experience | I103: 208381 | J103: 8535 | K103: 6696 | L103: 1271 | M103: 1209 | N103: 720 | O103: 261 | P103: 261 | Q103: 42021 | R103: 35498 | S103: 161 | T103: 0.041 | U103: 0.039 | V103: 136.01 | W103: 4.16 | X103: 1.18 | Y103: 0.2573 | AA103: 92 | AB103: 4
A104: 2026-04-13 | B104: Apr | C104: Organic Search | D104: Desktop | E104: Electronics | F104: Organic_Search_Campaign_1 | G104: mens running shoes | H104: A - Control | I104: 83457 | J104: 3735 | K104: 3202 | L104: 624 | M104: 789 | N104: 537 | O104: 195 | P104: 195 | Q104: 18525 | R104: 0 | S104: 95 | T104: 0.0448 | U104: 0.0609 | V104: 0 | W104: 0 | X104: 0 | Y104: 0.5813 | Z104: 1 | AA104: 94 | AB104: 4.3
A105: 2026-04-14 | B105: Apr | C105: Email | D105: Desktop | E105: Electronics | F105: Email_Campaign_5 | G105: mens running shoes | H105: B - New Experience | I105: 267499 | J105: 21072 | K105: 19110 | L105: 1918 | M105: 5319 | N105: 2683 | O105: 868 | P105: 868 | Q105: 94612 | R105: 33991 | S105: 109 | T105: 0.0788 | U105: 0.0454 | V105: 39.16 | W105: 1.61 | X105: 2.78 | Y105: 0.2849 | AA105: 91 | AB105: 4.1
A106: 2026-04-15 | B106: Apr | C106: Paid Social | D106: Mobile | E106: Fitness | F106: Paid_Social_Campaign_5 | G106: best wireless earbuds | H106: A - Control | I106: 49138 | J106: 1455 | K106: 1110 | L106: 91 | M106: 374 | N106: 201 | O106: 59 | P106: 59 | Q106: 7670 | R106: 7836 | S106: 130 | T106: 0.0296 | U106: 0.0532 | V106: 132.81 | W106: 5.39 | X106: 0.98 | Y106: 0.5408 | AA106: 66 | AB106: 4
A107: 2026-04-16 | B107: Apr | C107: Paid Social | D107: Mobile | E107: Beauty | F107: Paid_Social_Campaign_2 | G107: skincare bundle | H107: A - Control | I107: 206032 | J107: 14998 | K107: 14412 | L107: 3169 | M107: 3154 | N107: 1583 | O107: 744 | P107: 744 | Q107: 37200 | R107: 24886 | S107: 50 | T107: 0.0728 | U107: 0.0516 | V107: 33.45 | W107: 1.66 | X107: 1.49 | Y107: 0.2425 | AA107: 89 | AB107: 4.4
A108: 2026-04-17 | B108: Apr | C108: Paid Search | D108: Tablet | E108: Electronics | F108: Paid_Search_Campaign_5 | G108: mens running shoes | H108: A - Control | I108: 115758 | J108: 5128 | K108: 3961 | L108: 355 | M108: 736 | N108: 495 | O108: 264 | P108: 264 | Q108: 37752 | R108: 29912 | S108: 143 | T108: 0.0443 | U108: 0.0666 | V108: 113.3 | W108: 5.83 | X108: 1.26 | Y108: 0.2389 | AA108: 87 | AB108: 4.8
A109: 2026-04-18 | B109: Apr | C109: Direct | D109: Tablet | E109: Electronics | F109: Direct_Campaign_5 | G109: summer outfits | H109: B - New Experience | I109: 115581 | J109: 1838 | K109: 1641 | L109: 298 | M109: 413 | N109: 150 | O109: 101 | P109: 101 | Q109: 5959 | R109: 0 | S109: 59 | T109: 0.0159 | U109: 0.0615 | V109: 0 | W109: 0 | X109: 0 | Y109: 0.2453 | AA109: 90 | AB109: 3.7
...

Sheet Data Dictionary
A1: Data Dictionary
A3: Field | B3: Definition
A4: Revenue | B4: Total simulated sales revenue generated.
A5: Spend | B5: Marketing campaign spend.
A6: ROAS | B6: Revenue divided by marketing spend.
A7: CPA | B7: Spend divided by orders.
A8: Conversion Rate | B8: Orders divided by sessions.
A9: CTR | B9: Clicks divided by impressions.
A10: SEO Average Position | B10: Average search ranking position for organic keywords.
A11: Landing Page Score | B11: Quality score for SEO/SEM landing page experience.
